{
  "BC->BC_GABA": 0.084518,
  "BC->PYR_GABA": 0.09400499999999999,
  "OLM->PYR_GABA": 0.043058,
  "PYR->BC_AMPA": 0.071755,
  "PYR->BC_NMDA": 0.060991,
  "PYR->OLM_AMPA": 0.011739,
  "PYR->OLM_NMDA": 0.069668,
  "PYR->PYR_AMPA": 0.085434,
  "PYR->PYR_NMDA": 0.014500999999999998
}