{
  "BC->BC_GABA": 0.063835,
  "BC->PYR_GABA": 0.089362,
  "OLM->PYR_GABA": 0.049059,
  "PYR->BC_AMPA": 0.085135,
  "PYR->BC_NMDA": 0.036572,
  "PYR->OLM_AMPA": 0.001661,
  "PYR->OLM_NMDA": 0.022528,
  "PYR->PYR_AMPA": 0.078369,
  "PYR->PYR_NMDA": 0.080137
}